"Population","","Allele: frequency (count)","Genotype: frequency (count)","Genotypes"
"ALL;1000GENOMES:phase_3:ALL","","G: 0.562 (2816) A: 0.438 (2192) ","G|G: 0.373 (933) A|A: 0.248 (621) A|G: 0.379 (950) ",""
"AFR;1000GENOMES:phase_3:AFR","","G: 0.536 (708) A: 0.464 (614) ","G|G: 0.301 (199) A|A: 0.230 (152) A|G: 0.469 (310) ",""
"  ACB;1000GENOMES:phase_3:ACB","","G: 0.609 (117) A: 0.391 (75) ","G|G: 0.417 (40) A|A: 0.198 (19) A|G: 0.385 (37) ",""
"  ASW;1000GENOMES:phase_3:ASW","","G: 0.541 (66) A: 0.459 (56) ","G|G: 0.328 (20) A|A: 0.246 (15) A|G: 0.426 (26) ",""
"  ESN;1000GENOMES:phase_3:ESN","","G: 0.500 (99) A: 0.500 (99) ","G|G: 0.222 (22) A|A: 0.222 (22) A|G: 0.556 (55) ",""
"  GWD;1000GENOMES:phase_3:GWD","","G: 0.504 (114) A: 0.496 (112) ","G|G: 0.257 (29) A|A: 0.248 (28) A|G: 0.496 (56) ",""
"  LWK;1000GENOMES:phase_3:LWK","","G: 0.551 (109) A: 0.449 (89) ","G|G: 0.313 (31) A|A: 0.212 (21) A|G: 0.475 (47) ",""
"  MSL;1000GENOMES:phase_3:MSL","","G: 0.512 (87) A: 0.488 (83) ","G|G: 0.247 (21) A|A: 0.224 (19) A|G: 0.529 (45) ",""
"  YRI;1000GENOMES:phase_3:YRI","","G: 0.537 (116) A: 0.463 (100) ","G|G: 0.333 (36) A|A: 0.259 (28) A|G: 0.407 (44) ",""
"AMR;1000GENOMES:phase_3:AMR","","G: 0.630 (437) A: 0.370 (257) ","G|G: 0.418 (145) A|A: 0.159 (55) A|G: 0.424 (147) ",""
"  CLM;1000GENOMES:phase_3:CLM","","G: 0.649 (122) A: 0.351 (66) ","G|G: 0.426 (40) A|A: 0.128 (12) A|G: 0.447 (42) ",""
"  MXL;1000GENOMES:phase_3:MXL","","G: 0.562 (72) A: 0.438 (56) ","G|G: 0.328 (21) A|A: 0.203 (13) A|G: 0.469 (30) ",""
"  PEL;1000GENOMES:phase_3:PEL","","G: 0.600 (102) A: 0.400 (68) ","G|G: 0.412 (35) A|A: 0.212 (18) A|G: 0.376 (32) ",""
"  PUR;1000GENOMES:phase_3:PUR","","G: 0.678 (141) A: 0.322 (67) ","G|G: 0.471 (49) A|A: 0.115 (12) A|G: 0.413 (43) ",""
"EAS;1000GENOMES:phase_3:EAS","","G: 0.291 (293) A: 0.709 (715) ","G|G: 0.153 (77) A|A: 0.571 (288) A|G: 0.276 (139) ",""
"  CDX;1000GENOMES:phase_3:CDX","","G: 0.296 (55) A: 0.704 (131) ","G|G: 0.204 (19) A|A: 0.613 (57) A|G: 0.183 (17) ",""
"  CHB;1000GENOMES:phase_3:CHB","","G: 0.311 (64) A: 0.689 (142) ","G|G: 0.175 (18) A|A: 0.553 (57) A|G: 0.272 (28) ",""
"  CHS;1000GENOMES:phase_3:CHS","","G: 0.310 (65) A: 0.690 (145) ","G|G: 0.152 (16) A|A: 0.533 (56) A|G: 0.314 (33) ",""
"  JPT;1000GENOMES:phase_3:JPT","","G: 0.231 (48) A: 0.769 (160) ","G|G: 0.067 (7) A|A: 0.606 (63) A|G: 0.327 (34) ",""
"  KHV;1000GENOMES:phase_3:KHV","","G: 0.308 (61) A: 0.692 (137) ","G|G: 0.172 (17) A|A: 0.556 (55) A|G: 0.273 (27) ",""
"EUR;1000GENOMES:phase_3:EUR","","G: 0.829 (834) A: 0.171 (172) ","G|G: 0.704 (354) A|A: 0.046 (23) A|G: 0.250 (126) ",""
"  CEU;1000GENOMES:phase_3:CEU","","G: 0.808 (160) A: 0.192 (38) ","G|G: 0.657 (65) A|A: 0.040 (4) A|G: 0.303 (30) ",""
"  FIN;1000GENOMES:phase_3:FIN","","G: 0.854 (169) A: 0.146 (29) ","G|G: 0.737 (73) A|A: 0.030 (3) A|G: 0.232 (23) ",""
"  GBR;1000GENOMES:phase_3:GBR","","G: 0.819 (149) A: 0.181 (33) ","G|G: 0.703 (64) A|A: 0.066 (6) A|G: 0.231 (21) ",""
"  IBS;1000GENOMES:phase_3:IBS","","G: 0.808 (173) A: 0.192 (41) ","G|G: 0.692 (74) A|A: 0.075 (8) A|G: 0.234 (25) ",""
"  TSI;1000GENOMES:phase_3:TSI","","G: 0.855 (183) A: 0.145 (31) ","G|G: 0.729 (78) A|A: 0.019 (2) A|G: 0.252 (27) ",""
"SAS;1000GENOMES:phase_3:SAS","","G: 0.556 (544) A: 0.444 (434) ","G|G: 0.323 (158) A|A: 0.211 (103) A|G: 0.466 (228) ",""
"  BEB;1000GENOMES:phase_3:BEB","","G: 0.558 (96) A: 0.442 (76) ","G|G: 0.360 (31) A|A: 0.244 (21) A|G: 0.395 (34) ",""
"  GIH;1000GENOMES:phase_3:GIH","","G: 0.602 (124) A: 0.398 (82) ","G|G: 0.350 (36) A|A: 0.146 (15) A|G: 0.505 (52) ",""
"  ITU;1000GENOMES:phase_3:ITU","","G: 0.485 (99) A: 0.515 (105) ","G|G: 0.235 (24) A|A: 0.265 (27) A|G: 0.500 (51) ",""
"  PJL;1000GENOMES:phase_3:PJL","","G: 0.604 (116) A: 0.396 (76) ","G|G: 0.375 (36) A|A: 0.167 (16) A|G: 0.458 (44) ",""
"  STU;1000GENOMES:phase_3:STU","","G: 0.534 (109) A: 0.466 (95) ","G|G: 0.304 (31) A|A: 0.235 (24) A|G: 0.461 (47) ",""
